X01,X02,X03
87.01984157101494,-188.5573588424454,39.35949698422955
100.47001395493578,-33.02678242113571,30.514108960869002
66.67613964937654,13.631157100754532,38.53227955005491
92.50824927237609,-124.53358352930465,39.152262979500556
96.84628060644769,5.497358626904605,49.709924977203606
91.18537391580479,-106.76979653820794,47.94000685708944
79.79917768465393,-15.875159130235303,45.168524729197756
92.51542800666778,1.1298415471735126,35.68303822153665
97.60530466739252,-215.8300799631884,48.48322968478571
97.78896453012196,-47.63166788043576,30.747763003420594
80.03929690812667,-93.1275401047489,40.73273915655601
79.99384609134124,-85.00145782313035,47.18084515373799
104.14838240863095,-2.5893958374476185,39.32450246346407
76.87019435667904,-28.39205884766539,46.514691692380026
85.66211020977173,-15.424025684139679,49.57998947548976
91.21218207937468,-71.33778211931187,45.3358393470351
88.51195128696631,-281.60120504773175,49.686425997991904
59.1092589544985,8.503538232927657,43.611234678700484
92.68891159522919,-77.29891342104668,43.080588043698924
101.6941361649021,8.63742210042605,42.17840793980164
80.4586654407851,-61.06201830969363,37.13207251070074
104.31744548435223,5.70205518168291,44.97147522748906
72.58061324118708,-2.35925934922577,38.15993377910878
103.14145159609987,-200.1577523812281,42.642589979102496
97.06432312600266,-34.160914264726316,45.43644275284241
123.56727338599475,-168.90385172881298,41.188106303570564
94.37974949642857,-76.69734345549234,45.20255563051697
103.77179064777103,-51.72178976997348,32.53736675654015
89.33304247064596,14.926936392788459,49.38884066568303
104.27720618775695,18.177384315758797,31.370959398930637
117.82913323099623,-61.45269262646602,46.900731547492434
87.34632723097106,-129.02718728478413,36.75321403281562
82.74739026832981,-19.423872660485962,47.661882700698925
113.96828740104577,-2.5427189433878645,27.77865001502896
103.05762481249407,-104.14102240492252,42.596455780882685
117.53292945781057,-37.96686726417511,45.16860324738565
123.54787246652876,-109.51774751713072,48.37397409964064
90.38928265121902,-4.800319580425327,49.59144094680768
100.82560765346808,-126.90057163140403,45.85791133901724
121.90969672989115,-265.10679042805225,45.52040540775556
112.52793460391956,-30.38003485691567,48.22916257559179
116.0408279938249,-154.18380819820348,47.189929315087355
115.12828195200373,-80.67888969108614,34.17574204767729
88.97026578353393,-16.01932937832106,48.12228064597749
88.55608762358254,-47.251862145505754,42.681935045879804
103.52194054184648,-11.28621582312444,38.155413704360456
129.84155491982315,-35.58264009097994,41.425142334354724
104.19067130783942,-177.02246370352293,47.88583530379969
109.93905230123596,-117.41828174347745,35.43897056303103
113.92609367043065,-19.553344040712737,46.89933227939476
98.81753297061549,-44.18246984849797,43.58517975757565
102.196980436244,-117.77470753737083,44.201602257380905
104.26210349159399,-168.99670729795858,42.67655828896346
87.19346807253015,-28.51576163222611,32.053750875878904
95.12336086696432,8.073888505627838,45.10224829597875
114.38195724493193,-41.17880806406399,33.39428039586176
114.21333201414707,-80.011130589304,49.260185014117276
96.188808174352,0.05749744246787358,41.93672430747034
93.71165171030675,-19.937926553013845,46.22976562859001
115.5600480734088,-45.904526353984394,44.53616302493756
117.85750094931606,-75.23850689040505,28.552233309067336
81.13812777988471,-1.6981522627431858,29.589313835815915
113.69908001789186,-49.87846727541448,49.06579053211693
111.43153696158159,-79.53535676992273,47.73901003597943
106.74747965058953,-41.7811654160049,46.260932569532
111.77806649967137,-79.6823774307488,40.81919119423024
102.34318928616534,10.18116020747395,43.426721831970866
89.64111485842109,-19.966126397031083,42.327019830046794
111.7960435171253,-38.33232399381178,49.41658212926962
98.75879241991173,-103.79772821630017,30.603947393960045
101.57594815018369,-263.24567837478287,24.384689650007026
93.82327165786691,-15.795991451085271,32.89676579257505
126.00838808730387,-57.76850058422026,39.070696522905344
94.88974857777134,-19.475163779505486,41.43099097763238
93.16712513424054,11.77363321705788,41.24828693071804
93.25858298057719,-3.11598767505377,38.66677541099598
101.06834152311569,-33.8985890819278,47.08326576635892
102.33192248749826,-25.948998074683132,43.91692866322376
98.39303515980386,-41.01398618974948,44.543317304709994
116.44338697173168,-101.13994187081427,46.90575955746046
107.64461885478045,-5.857631652142953,49.05055393510088
100.27494759347462,-125.82037079504516,44.582989838523716
113.9189010687113,-42.46184795203257,35.215277597922864
115.86640288105761,-82.65576332103544,42.27835323809006
92.06944401674859,-50.52625623759697,40.7749097552921
102.37580375089937,-12.695977237479056,45.13097793145484
104.12320515697908,-110.43577959465708,43.26163598039134
109.86818454001184,-95.22502797534734,40.220229096338095
107.32388811777014,-168.6049751792376,35.13605719990889
118.71953321940713,-191.15502042870014,42.641506292540356
113.30323571794658,-120.45228924906132,46.808659698993964
97.72365221694737,-205.05307675657207,45.93857630684729
108.06883763688681,-82.2341944563666,38.12960869525314
124.13988468764063,-115.96521140701492,39.45603735943341
98.95876703084213,2.405802734455772,46.24391316516789
100.58348290625378,-83.71096310599115,30.89072023726387
105.91830464135978,8.220851394234442,34.597476522323305
106.40131569693125,13.575464713218818,34.19658209744893
114.74354419287924,-11.818508354100032,38.15083924315656
113.62057883316662,-50.75759940420781,45.14877349874903
81.50152871510794,-6.75891686353107,45.96986624429648
104.3712091166112,-8.267079801231347,39.33731786432256
106.10926966437452,-54.35537421550201,37.5782238214768
90.59285649450462,-73.12376746010064,45.57008809101878
101.62782319244545,-129.0354045119024,46.96338038707523
81.77057916483407,-91.0108905018071,41.4736375559133
109.06646515999067,8.277120287690966,37.091243041707706
120.81982943279141,-89.37649025280614,48.66323942258769
100.815296166,-6.3431482048485215,46.932901247225715
99.78004885794883,-117.03294727974918,42.90300428548775
94.24026154668253,-174.92150461121275,49.16772907362393
102.64347058789365,9.741831663071011,44.024353630303644
108.28929699064395,-124.36057706340046,45.0850178929584
113.95900233538633,-47.1980230634222,40.27018094975452
99.94809591965998,-96.0508716099758,41.961775666991564
119.9592402919502,18.738650576294674,33.45309514018195
111.7139042638031,-41.45651797919619,32.83309586008976
108.83146173602903,-18.66912561570274,49.8314282651598
121.53340968697411,10.4296295672277,46.88162157554741
80.95091522688566,15.268252496949298,42.930254924404274
87.12897759498057,-40.95080988681714,49.21536628132656
100.02328057597816,-76.28002600254545,43.91245843744871
115.3639111190957,-55.615237927704,40.31384381204109
92.7610030072909,-18.385812746926398,45.13995539778843
106.40218200502926,-23.146526858607047,42.534133997339026
125.19256761640507,-18.17515231090453,47.132283680255895
130.47448358312693,-43.279087278770405,42.94000446454743
174.0062562475162,15.956600378718257,39.4759347305918
172.89381911736012,13.787396302303307,44.384427121899506
132.92825971229382,-170.90536100505818,49.41150047526135
307.60831430392864,-93.76569714223893,46.91989848205611
324.53052215235243,-79.65415059234104,37.94903535004072
259.3140429075435,11.578527613106518,47.97995582555274
151.25332482985556,-63.54454628774438,36.85281303279617
295.519503077344,-37.73050691707344,42.32705493598714
116.75677467946656,-10.271551133037939,31.120254432920518
186.90629819636968,-33.90489806138968,43.91800209938785
334.3911720858879,-74.92864946819357,39.66897252197125
205.6057842158286,-210.0838769807792,47.75701402767715
139.13341055364745,-4.372861769399282,46.094148844254406
226.48650800753703,-12.892201216142261,42.02396167196677
195.43327720340636,-13.890313674439852,46.19099642793599
115.15252986647644,-160.21683821920854,49.5206971542609
364.2994895045934,-4.250999028748538,48.70334459522126
155.0157757311391,-11.201788757849812,49.830813500520584
204.3482952200116,15.810995241732922,29.865725926523314
325.67361116774316,-37.73547940428868,46.47552606951891
176.86772009307526,-48.785281798732726,42.593966157316174
164.79141545974466,-120.19776096342699,31.591649508499273
264.3419887753054,-52.33348886366841,31.860166978737194
256.8943973358622,-36.45219634180453,48.010721689240945
146.082732056721,-47.48535384822108,46.75836648916103
170.16906995584708,-167.47950715915448,46.82048288807295
379.56830243603866,2.5190550285931153,39.28193242001918
194.14275894756977,-144.98549612203533,43.85292299024218
216.70288980298426,17.723451424820233,38.1587231853524
263.740712878665,19.745508541838213,40.996973317831625
401.65929132294804,-143.86194616435316,32.117931215461056
308.38494603892934,-65.51669380934986,48.164878264061045
171.2609354791555,-78.6787223249595,43.102255824559556
214.19107248743506,-94.34848991347772,44.54679592791106
379.6038576577162,-100.23932958933669,42.76647790625224
286.7131932831878,-85.71090025658954,44.77346775403276
260.1339018703319,-113.10042408735882,47.82031197604884
390.4875767049935,-64.7657150369191,33.06763774664915
337.8647270737971,-106.43616123787251,42.64934466809483
298.17071832152794,-112.22843196701527,45.92949426664972
190.2268948188851,-146.1256082470098,49.964007593831084
198.54536240745713,-211.97414668206312,36.04935663662127
244.43504221916402,-230.26547569036217,36.625613265371555
329.3869728836755,6.832692041792026,41.303398191411716
299.1299960353907,-48.099184351731,25.75791528453028
191.4228570412368,-17.52838791493958,45.15126711440863
139.65758387225256,-91.43402392223733,37.37550241077981
156.59919059197682,-81.20592320473467,43.407671440707624
243.23525347784698,-52.47293937002206,47.98280803922153
158.08672356439408,-31.024922440308174,28.35908877013406
376.9646148018475,-75.01982121880859,44.958416933153075
120.99690642754291,-137.8720264227596,47.126118463635095
108.1894043386436,-146.43704398424165,37.32138566295208
149.23897184803678,-182.79212051647306,48.70051235763341
108.39707326547655,4.6168726286255914,40.059823461618805
132.48815390614362,-134.72456421574023,43.94024155128288
154.76733784287862,-214.8847491015613,49.96795271880531
120.60535660532422,-11.168264817325081,49.65170227879851
162.30152067965,-147.79791495087284,35.64243681828197
524.2263811326707,-10.418146021333943,45.78030155026917
142.5796028568268,-15.064491533519785,32.74426953292315
350.30746010329744,18.181330155391166,39.40099182607209
326.41927842645,18.773791206686454,42.94406729038223
150.6593331044093,-12.79993504213352,36.98110008977432
307.29292422336596,-70.43741892157323,43.33413819955885
183.8098866621221,-20.468379198042626,49.04682014209852
300.1915651925189,-24.30041174360587,41.142502118752574
114.71705097152784,-14.560734851410338,46.18584943939528
527.092359262761,-77.41091583656485,28.114862931920083
289.4703334940108,-118.55046768651764,40.46986350563158
238.22414330566653,-57.51520775345415,47.160423630727465
186.35318108947087,-149.66876143887086,49.966958618523066
186.22680142602397,-57.34857067541704,48.08745920509385
129.205204076582,-60.722104792726626,37.811316401655176
291.2609586679241,-11.391818526838033,43.26651576333157
144.8812486371711,-3.560073181559023,42.82488162748383
274.80151985507894,-5.9207428033372835,38.962907670077875
115.44427876489672,-91.5584093604548,33.816543916629485
205.70256490045566,17.212759536502073,49.01560897391999
218.83098146856668,-99.94749853977349,38.79415618227251
207.34104570996098,-61.718144070986625,42.666829772428045
231.1960810387514,-168.8136630169895,42.26830132814096
260.2476067063493,-21.074248400465088,49.748758058312184
226.43205819211346,-52.72495525031903,41.38099645640033
129.99799917873452,-81.6839940582451,39.05879169210886
286.0164553218554,-45.13539327218474,35.66680351570348
146.84209242192537,16.58516416082745,39.87552830004238
210.24046162117935,-4.516435855385211,42.932894154030265
136.21026837099882,-123.58130701673642,41.34476885701245
428.3375322113959,18.987188950906635,24.50750741260304
342.6628723685673,-1.106643193513424,40.287032254161836
150.79888401126593,-64.38729012463182,41.28894400981247
228.28641365711684,-234.2742423789506,39.262018316379816
178.68721687509765,-184.2854212044075,38.88256430945741
189.65760968071626,-5.751908532321664,34.28654476793561
388.5619580303697,-5.624296908892081,43.57421251964338
175.24750302599062,-51.90856046527702,45.839665075814565
255.62639116085265,-24.62477227019064,42.34959296416652
204.05511344510325,-15.417906430547795,31.996740752444733
351.6163307481919,-1.7571792309987728,43.229525990643566
159.8086320514065,-22.36175566635937,46.85546121575062
199.52071593470157,7.35363983156482,47.713169247781174
129.5651098530852,-63.462061312606465,42.42538069898748
284.6227192064795,5.338801056698491,41.869196619369205
400.33274787727976,-20.069535442738967,40.49137592690954
240.8445111808496,6.665543667643947,47.293501354809386
253.62104842746217,-10.633102837443786,49.30853499022848
142.87735969272757,0.008564074373321517,49.28889476361379
408.49567494933694,-57.36242436796684,41.61638654281857
197.69118358759454,12.776286276488786,39.122283173311295
204.48574614118334,10.238377088356605,42.99773025269968
249.56901807919922,-66.90386199433513,41.53411933819069
270.72042020386317,-0.08335321820618447,44.668517379871744
114.47790606945385,-18.68450557313666,46.90482571518911
500.93081654686387,-67.43614022970935,47.406923883350714
164.8621540976219,-94.77101739092728,45.20323730103961
139.7186342081323,-136.86124219282704,46.10743088379241
118.95978693753908,-71.8413676167133,48.472049584357094
189.05075953150487,-37.38615003265567,40.9099973457555
152.94075769695303,10.00594989600724,43.42208032064194
444.53628809736256,-69.00936652215276,46.72019115455139
198.32475036479093,-36.18285478564607,35.895948077468674
390.7914600771718,-99.8661033164465,42.68085048890287
133.61694486594888,-39.21211783598414,47.31886260055619
262.757112941673,-16.122239943175828,41.89078443749534
294.75348608563877,6.5036435815317475,37.71687331266074
182.78695818791846,-30.101169846412617,38.21603146260561
334.1319286694331,-35.77480868168667,29.34956095341488
191.34332741926008,-98.93811389259437,28.851026647325583
257.6635726493173,-51.53007875927983,34.89868424320193
194.3923467567451,-30.554609241911166,43.41035018273411
216.36629594600217,-16.69645019597384,42.045017584982396
313.32527772718043,-99.18234676196842,46.201446720158614
444.4896289327528,1.967405796516175,47.671860025257104
180.7115924590322,-89.08714708420197,35.69500277589748
157.7936531217897,-32.931267371421974,38.508397875791545
198.48826532100762,-18.664998350540728,42.10166777597056
501.8213922805276,-36.073543942271364,44.94393181623063
182.26576356024162,-113.8651583483867,47.240135174651314
268.00880960213,-82.46478398802425,36.62910956569594
200.74204877565808,-3.1532992097138077,48.543789757120216
238.58356514805382,-169.5924854779457,48.753602897274156
175.45747899569395,-8.623553236831555,36.00667089393011
105.25899640020096,-113.39543033759816,39.915407400779266
413.0288125652154,11.428215246919828,41.525805945493005
377.2509462503443,-49.85094887446891,43.027116745323326
230.37894288584283,-44.606185117521704,46.986458176102666
377.09705388864984,-134.8068052561529,43.00613328324674
202.88702495562012,5.4735028674081185,49.737261005256904
242.43035072829915,-21.99146765662921,49.91045363337982
199.0267555140757,-31.9349183336829,17.614942355007898
366.78288636950657,-154.97291543159355,45.75952067458224
145.481510340363,-28.888934696608324,45.38092981443161
195.66613383246852,-52.16351951079031,38.74180878771401
169.02864803625866,-11.018119865071036,39.519532656245396
185.26606513597432,-164.1518325624918,44.894663686031635
167.04400247759133,9.696041885182417,38.33495341946402
183.93344409666793,18.13884440059446,32.95398865276662
150.92485585406644,-118.44866399175245,45.48892994122023
197.23579776323396,-138.65198584983483,21.84543074660306
417.6370326867901,-18.136066824754927,47.98225155108886
113.46023141842882,-76.16329241468462,41.42729161036016
168.36381423444044,-165.18569659829444,46.2191386714342
269.19091982377614,-71.95296625016061,23.593016068379946
247.19579443126278,-96.25309732886309,40.33184246038764
295.87933635623835,-77.00456283136167,43.985819109346835
225.01181506624388,-0.4073334136096669,40.22622140867508
126.92948302394659,-96.92830840517385,47.858738869843364
154.99960787954754,-33.33485789027142,43.85118480129071
298.6642389185488,-155.71923051394484,43.64256236988396
183.67917717037125,-19.69546784589673,45.82992711755159
291.34261594060683,17.558253235405175,41.13692277065595
252.04665761406068,-110.97345050400122,46.32498626630954
226.29704391640576,-0.12490893679042969,18.4990249040614
401.25556373689193,-24.48423624151289,48.57683055813647
154.93269330410948,6.896576495296998,39.6879462185572
247.82507813871646,-86.90857716651159,33.44090258212014
236.0894510843626,-6.941597770689867,40.40334587678411
276.36956001345845,-37.85611791796127,37.730576490610886
146.6081468995098,-31.581103568046856,48.394757864515405
225.2939637452365,-10.851827417929151,46.88144461669904
155.62964733247617,16.110170805969744,38.32002139183738
220.4869073558046,-100.6125138574576,32.53341942511177
212.43109241055208,-38.00422934488333,47.40189319066485
178.97448701229058,-36.32047456825398,47.718148020870224
148.4943925085311,-136.65144246942674,30.494872467144873
173.4972507374004,1.0923741247012693,47.605722812114166
316.58438051244764,-15.874842039398743,48.53474945036776
188.50607519049277,-99.58969898531251,44.474196988618544
151.62228650536952,-126.73117284463345,44.57802785900394
286.39310997199857,-13.058054364534975,47.77424082496644
370.0950284665075,-35.935067567642015,45.25654750282607
144.52725660403536,-75.00467200662457,44.102586421949596
358.6270918956661,-40.760913089295165,35.45733695270237
305.2992790235287,-24.253855012518827,48.21573140252349
177.59609630247076,-11.96765843191723,32.59076201505307
290.88893829291413,18.435152580000775,32.51535343769527
193.25196413363216,-84.96915084586433,39.77418259182627
215.92198908682326,-26.639527565573964,46.29513784836614
271.3538241477074,-58.4163316835653,43.50793885521408
272.42474025135755,-124.38277827402169,42.95661804763939
296.08654590806935,15.658095113239265,35.68019096777928
139.0242147407443,-76.83778117953061,39.1769469152368
106.76008772619574,-44.952083302128116,46.30206898748951
323.75680501473,-2.9461233599222503,33.38553444780784
261.4347446741226,-35.88296020788503,44.81304446705017
229.0594510438765,18.813805329618848,43.62881579642744
196.395661701996,-57.59696664429099,40.195016801606116
376.0144495570989,-86.35147794421694,28.744363261807166
131.5733645075789,-44.87267424466795,42.37083676489618
192.07040975430482,-239.89660797718142,40.014652653831654
148.0955093316121,-10.3100698364955,43.208680149619035
210.1924930302613,-6.811373094188866,45.89444535247472
177.42037967951626,-11.983688095149482,34.326439197821514
269.07159261202804,-6.4060966201161165,43.548926887234956
111.11394289548917,-139.3495221633297,31.223050800163694
339.34013499104094,-4.720804418248857,45.02008655704503
213.44719748468722,-118.01591029360944,42.092768248657904
295.87314253887575,-25.618053550521047,46.66738139319734
206.2614939362029,2.465088406319772,41.44762798004602
221.22997539257236,-19.276720371323606,45.94329588140903
247.0435892900919,-51.551275787349184,39.9217966584614
181.26245705778652,-135.82096575068874,36.15313346504249
142.78756835445137,-5.685310745058882,48.15701969448274
287.7673820096785,-65.52125789752978,44.46527920767104
111.93498355121778,-47.20357872714594,54.516537046452086
139.90245667735405,-16.471115567542185,51.77230133189143
110.89662665144161,-61.8717284806378,52.20816997643857
123.90406995823557,-21.61767490932985,46.8161577630647
365.73642129791654,8.260965876330328,43.69016276548066
259.30857617146523,18.807366566268197,55.11195071489586
131.26891292732293,-79.29081590420208,55.08753831850338
384.3250593541661,0.8610594626043238,51.09805214235417
202.17233258136795,-9.22289471819569,59.12535618616562
161.4922118333529,-65.22231936587542,46.23244157193434
257.16488225436956,-76.64849324370954,46.66820611559657
225.721849702563,-28.68765597839233,50.187698709432986
112.10166457338482,-88.55336974335037,54.534989741638
318.67313893555894,18.513785317908717,47.86919519171045
132.8372466957461,-241.30703427255088,49.33081395621593
211.3356193207012,-31.21116368066938,50.14814471384471
140.28776300960752,-71.10079278430297,49.12584817706642
431.0761927163971,-29.787153550202696,51.50671039994569
121.05239113025898,-148.67937744689908,56.118618337410915
133.7549752668056,-62.37875049113549,52.129074116471536
168.17326235368685,-79.10183943838186,58.06097060932734
403.0011135418134,-190.98408925748484,53.51898656869205
194.48545611187052,-151.43506889072512,45.17798035266935
253.07868614287207,-72.73509489833668,54.703019217320154
245.14790155093056,-196.1367687155054,51.49260164875621
191.1660890942448,1.593955486281562,47.130013433055495
275.85114368700346,-122.5795775664154,51.9486340449213
123.05997960564358,-130.57166153689542,46.53890321742202
253.9014001265668,-107.79351488201578,57.51865110497968
204.65716378339496,-49.86901750424995,45.466997523939064
271.0561967388201,-40.257811166769656,44.50896939711676
105.29014817761217,16.64029148988962,49.030304553624966
226.2316662598103,-45.52577727926693,51.96155586500035
324.66418161545914,-95.15454445017126,46.891025156566556
155.16038319321473,-100.98713084397016,49.816209864009956
204.88064483918598,-215.21993160841453,48.67812876220539
118.74567942424437,8.256177542038811,50.72885773407944
271.1000475651197,-93.65223086433136,49.99099031371273
222.13134453380857,-151.4143978016572,45.71780550519983
258.7660300129911,-65.95040477380647,53.14888916618903
245.55054820807197,-13.079289946919836,50.87870130458354
207.91778169716576,-69.79673174552897,49.9037274456124
238.39758354756384,15.143716848725305,53.95709298556615
200.71774098829192,15.787113793557655,51.95265085849233
417.503031342862,-112.20909768498404,59.18571864392665
295.80121752157845,-47.16718803878689,55.509242084779636
187.63999964133365,-56.63124684684985,49.34970771573312
264.63553833322703,-6.376922414160575,61.01468636917729
299.0919717544923,-13.30479176907982,52.88285673592754
152.43347303885878,-45.25746231518332,48.82272958394253
189.4286826519043,-74.09891710918173,52.74634172193993
310.3287214664972,-77.19483667817008,50.91016948333546
431.34251868713136,-139.78235449853057,53.19881705784431
215.62901800126917,-36.00859530218736,47.575567247855616
148.50610402707508,-78.45827124845601,50.827045190457866
242.7278439050651,-35.61497577279901,41.19888254102874
174.08348144035767,-59.84042984376056,50.94421611868522
155.88044365965501,-88.29127671371911,56.19771600786898
302.7555177297203,-47.211373000906434,58.758728551658876
168.11815554852964,-48.8270135829579,61.5560661883009
184.4300533353078,-10.621554168056853,49.41635902024462
200.92845327320356,-64.06193477663888,55.316196142721786
114.76675403646328,-91.72811366130463,51.45780149090921
159.87938209617366,-253.96328670302074,46.95491244016249
180.1711981780879,-52.95620946734411,44.23538104820899
139.8959032409614,-129.13000816206775,40.623409790671076
397.44549003407786,-18.62930503227016,51.91749667122548
196.42659710663014,-58.156074770622425,47.04007674730508
105.7737357402142,-151.0477252366639,39.935143752210784
218.7437634477289,-2.0161740956813645,45.42428045235052
135.77646850243352,-27.80427341901293,45.002646290970844
199.8738619243734,-62.648630903374055,54.38914049817406
205.209663098674,-144.96936891189486,46.53540815200887
480.35869531107085,-15.4332124235682,55.82313578501922
127.18558008266245,-152.12358918192004,42.25584160364368
170.8104864102888,-65.54451646019929,51.546644085550135
157.4313144648575,-48.51327713456553,50.08182985498745
167.18837766900987,-77.08554883178667,49.91786643746736
141.36173035421373,-20.959183647080884,50.648140122551595
163.83331737894898,5.513349140631675,45.65165023819674
203.06127900657717,-107.87647201755851,43.8978538078137
293.2592857381563,-29.146526969809273,43.79255467792303
135.0439544573035,-79.14323612885427,49.01885484754796
311.29604435095274,-2.3461389254158576,38.66730077597873
311.57028901683907,-87.84133073975552,50.719585619076945
166.41356446702503,-31.842548491416984,50.10065307335979
124.16806926358176,1.9353950163206797,47.32535648804262
217.85406326141393,-154.8771371701793,43.17023912421981
253.59054618910147,12.350588056256584,49.63531774360461
210.13264984782577,-68.8168291132573,52.09043947715908
242.4127151435162,-151.54673203275556,49.91298058720645
236.78009806973682,-126.49956591611823,53.50894173914221
115.10829593310665,-119.97014049328828,51.643160126311315
188.14984785356017,3.1571808713447105,40.335410206015766
209.7652160038332,-27.95706506255773,64.25216941067275
160.90647192207027,-138.81733705615522,53.63922931557378
247.75992847786415,0.1795825323100857,51.8559245960829
140.4404223070348,-62.669441600981244,55.56775898717933
217.29716565111715,-44.18195787415944,50.85611853576869
299.1462286847851,-16.641575935723395,50.299803388832906
415.01692633963626,-79.4552958506253,52.15241817868603
335.6954337502689,-37.291104098153845,65.53781783523287
138.102673838426,-112.5596095869416,57.3322745669767
121.89461186173241,-52.89011110678075,55.663570133267335
404.40470062996354,-73.28335392078347,51.41695939771505
111.98843036012987,-31.779115017946864,52.33910586207826
108.28639570859205,-41.67904009588753,55.13550057040461
300.59797765311345,-36.51183484895609,54.8927811004382
283.6119945788159,-16.50515018924453,61.295733770824285
312.1116275891003,-81.56866513429156,57.41053872344857
228.28786337430137,10.897045765618332,60.20712614968772
296.5009511861271,-24.297795121467857,59.39668657516473
155.7464411816056,-44.42254803544792,51.745959741919386
111.0043474929362,-101.64897510673663,50.762647205185935
267.6237256139759,-27.84167332327661,58.030350751329394
269.3363576510957,-109.10551912869954,52.10033881793156
283.7387508009015,-95.05615813209391,64.34984928770507
150.53088838299226,-47.80109942744012,53.34662679102762
317.3022785649305,7.711065523498251,53.1861270473529
286.9714112204281,-22.384282075380433,57.542589158872545
430.3795890145643,-108.85660424564443,55.81654014617516
141.52872678849604,-1.7106240993274966,55.19720407189749
193.5583974163432,-42.628786805689614,55.62181066001447
271.1932153379819,-81.20647417206455,54.80726414775394
134.61927981007793,-109.8270988011777,54.629582415427265
157.315760068988,13.568459101493273,55.00300286698573
505.9721785593107,-19.501435937727322,56.94470412762896
211.29866715702298,-28.117513092972978,54.81027200774646
351.0743669841888,-154.3609932135992,66.35259990922519
206.90741044637645,-127.46336128743516,53.50348592962013
338.79462680634913,-18.609599952035992,56.89998541843214
112.9316666270059,-85.7231769312653,55.98680494048296
197.24318085343765,8.309467914280274,52.63762030308375
115.35783146083595,6.271515877533144,53.9080000303889
135.83406681149916,15.370682071779623,58.21293357006564
298.18767229392705,-87.49118724750136,58.17450154896093
128.1744143044811,-112.90740468655972,51.832639999993454
181.65235745118508,10.748524499419773,72.09166869546414
272.7549312523795,-93.7223192594367,52.60953892671421
141.8786399911154,6.88365863296065,52.33160488569551
303.74190881997515,-15.443340689246071,64.81645989071234
217.60301069112666,-90.53223578908084,58.70952651459277
131.87016765656475,-105.46560889209263,68.16309008913478
246.84802679097072,-61.59656111883709,64.34965982466238
254.10886287176297,-264.8285700281712,61.83038334803834
298.8502490319055,-90.89170881499682,62.090397581222696
212.11338545888884,-90.91162684495085,51.24854221732686
144.07134527690064,16.968834796501696,54.18753847133381
169.1937652214633,-114.35252145887446,60.801530348592564
258.5855058975327,-0.7784289982963735,64.99220029364615
174.43015391606798,-26.128096693342158,51.5266220036892
111.71829462794449,-111.10095711811161,66.25329243394168
134.75354892454996,-273.13742191027006,55.05265086115713
295.3333053702032,18.60494226887392,54.01714026816116
124.52449872813962,10.910336819782318,50.95331537902408
230.65961659996003,-46.85094930172795,57.156187396035605
190.30360344454053,-166.6235373703586,60.40528295876922
214.0580019973567,15.963621778280036,64.48215662793106
153.63601681104032,-48.7940518510472,50.19122739654036
226.31640292552527,-30.66330626273747,57.799623794468154
236.1300190591672,-49.44419157716581,62.46893033597169
452.1988840739453,-71.60305653914469,59.313193577109935
287.6301691128936,1.7713361747680594,52.42287117453921
116.89361157014318,9.971372414799218,58.9762088438691
210.9484758344855,-32.302932364015376,69.17779928373434
153.09524059339543,11.552474467173388,54.74420212884341
127.0219089146668,-36.061788079635164,65.8515403865011
107.60937612859249,-20.459479738597018,58.60519392255091
132.3238290083889,-159.09625366085936,52.3499772659775
291.189333082663,-53.66138250112833,51.168827794463596
116.72661645326805,-2.464080010879087,57.86488635846605
276.4208902774478,15.292302651823134,57.03525153341867
302.39845305819705,-118.86812478584696,59.27695497305932
324.4318164993731,-55.495161662793336,55.03143172624201
320.99898717897935,2.450149569210918,58.05513808401906
248.8609594483868,-13.813613520242818,52.873543708096854
165.8984918491232,-34.82451466611501,50.60234174701221
269.0492918759086,-29.271998886672193,50.75391806832496
345.6972202011958,-53.18137828080744,60.022611358553064
166.28010611344985,-101.0882833926457,68.57351173238352
130.1718883405442,1.458319512418207,63.37975007609891
180.74410012587572,-43.29758300153776,70.45247426217797
300.42401533889824,-44.40113751158968,62.001245844757015
157.60148172338887,-20.184770335941714,57.97511629893442
344.7934014291882,-11.454068338924777,59.20207439964203
199.86655026794847,-0.18528545028090093,51.799725056750205
154.42398113116462,-78.19928123864536,62.347135987866835
163.27063098743142,-16.7973970454384,57.82806838130476
211.8456163603188,10.76803575653992,52.221646051154025
349.670377285441,-24.753009140202472,64.56034461201601
268.2408585938039,-43.66558664297969,61.090428385075676
249.28995346976518,-64.87211578497298,68.85190498686293
177.2204406471455,4.8480735557772086,56.41554333455759
108.09409748294941,-85.45319664360694,61.35076820927473
311.59443727647965,2.296168640412276,62.373427232054865
207.73542665226535,18.70515221957789,53.992756266912366
266.0685988656793,12.499997348413373,66.43360472089267
339.04130521746976,-34.590992423306616,57.039931638361324
335.56282442116276,-16.055004551113598,53.09568597701785
326.5641170215598,3.4347460015198834,51.12020289794499
296.7417100680461,14.567903390515905,55.59295120090377
110.9527655984703,-24.41344456899283,59.543972345980144
122.59651965463334,-71.13045519237878,65.00339163883835
159.36754871864736,0.9061483618865722,67.03040256079284
206.35110026518657,-92.26262111124568,58.897203132537705
306.74762743167895,-92.480748646053,51.29783590679544
184.99504460159366,-57.56479342052839,60.77346421336131
168.3175038279922,-221.02348730342123,53.78806346049288
145.93518128522692,-35.36095889157085,52.12447729014542
164.9810650642777,19.189077586256534,62.59491705938861
328.87520959773394,6.9132952143695405,50.29572266552439
162.4671001339287,-159.7756015360575,50.21949564745192
232.6527250415817,-58.90263007394137,55.62628098354808
191.49690332700385,-132.354856190493,53.53510463111784
268.41200544428773,-121.05162640954723,68.47868695921095
144.43212669399531,13.94290261025048,58.962357438510985
178.21778600488307,-200.93005649382565,50.094276352347954
134.48525117011087,-34.58894127954797,70.70468899278421
323.89174610544444,-81.81096425622991,59.34927280853365
134.87626340837076,5.847738887540395,52.98335470988365
134.85194245603196,-66.18262653948786,61.020483294846656
231.4937658471481,-16.40683157328497,57.92103444916079
158.55267685273137,-83.64712717038775,55.165429459952236
210.83052620017514,-105.07744108001087,58.29500187037503
246.53924149037096,18.751851702180463,54.68211322459032
157.6290860823843,-56.887981655994736,57.881848266247324
347.26993795888256,-65.3010221398471,57.09541691853408
383.4831185426595,-6.539344609897171,60.347010072645574
163.74415932364343,-29.43084227481321,65.07351966189617
213.01124091255406,-35.397342976351425,69.10229435090542
188.24070468521688,-27.243226789729064,55.972274381760414
276.37742082555945,-6.183203750455625,57.28457722329954
171.37624574935938,17.80462808045246,57.76021783032164
303.6765619873744,-33.86748212051852,59.49586581547753
169.60960343441997,-11.419648600919984,72.25681059681853
270.21815344834044,-167.2022117164872,50.7005706616177
139.85664226846427,-86.13516313231986,50.442180784636
125.3424497421812,-77.68937105965337,55.11500347165409
112.19900541609448,-84.85315405613156,51.58733917211731
190.75146104628124,14.457290177093974,65.04629127668
213.04736018027478,-33.50170597880726,57.52294296841613
185.2002938918002,-40.804281052351364,61.06291664375026
356.2354308391423,-4.247195599632253,51.83048510256844
197.07833741630606,-11.654476216899575,67.32369476158551
236.86491095639136,-75.60378442801016,62.047995836822906
243.40761092310797,-27.44427451253228,61.30293600320745
283.9528830048789,19.524864502719456,62.222243258032364
222.23070912043468,1.1862138007058824,58.791577653235535
210.94181433108486,-1.4303220100453231,57.96772544301692
118.62751348061164,5.960935714689848,53.70256161528447
118.18164726532865,8.40315706912595,59.39054955592047
105.279069889708,-89.5426480020355,55.361489066431886
196.4845192781094,-42.46886988633975,55.402545576931836
448.0250537482562,-130.27279959815928,52.05003473069328
197.1010410335562,-101.73465858154817,51.5763161178402
114.59318199888308,-0.8761792047218968,51.84516158818911
398.90551476050507,-45.282864111595785,62.41933949837754
167.7529551803459,-4.968907930750056,56.68693044867193
302.245805947456,-41.08402707059595,50.74645380820487
293.7649768874521,-200.51008411641968,58.428911631741585
119.1537880874856,4.846203507460055,50.85781945207322
220.0201767752967,-3.9245076874582807,54.976884801057025
139.88048665077764,-117.47322578364174,64.94145452119959
144.08652809646296,-28.737060092718977,61.48900371527025
144.27271788857317,-146.74701328293128,50.42160998824697
171.61093265463148,-65.28572339025142,57.685188434973966
138.7131239974758,-91.03796329183564,51.98500420174605
107.49914901642886,-89.62450920437237,51.049543752130795
195.0314675037058,-115.2878465949293,61.018302613726306
155.67377893247513,-33.4401432646732,58.658193437780724
462.7895040006008,-57.051157332953935,50.02687894380195
141.5859322642382,17.4684527620465,50.78054940371899
203.48982650841543,-26.89967847576476,55.232903062510495
212.2742531908595,-131.70580530668622,65.64406601088518
294.570917752877,16.830121685774735,55.85629593464566
390.62891083475574,-2.6777447984240723,74.2160349420221
153.5688774311172,-65.76876664604725,56.139240956253424
202.27308995766907,-46.38232262771285,52.56272010420801
519.704406331764,-92.22860912684006,50.14382358571221
118.71784312355086,-71.80466798304973,66.99854618816477
355.0418560504948,-30.244967129290117,57.051859841710474
171.335948803919,-11.458041190587956,50.32670655086924
157.61722502657693,-211.79497035805548,58.08565299372455
195.2192997309134,9.287955038230812,53.869977970610286
134.4793995576877,-26.556886992568415,57.47089779150768
402.16589943547046,-148.39871285710757,55.22697532231104
336.93093302667324,-56.676524689156395,53.40478456379445
322.13939907327824,2.3983171532752543,69.80378690228298
149.65600550451373,-64.3975914519764,52.38379365030044
565.275600604755,-70.6619146036376,65.73214590020476
187.20875876734425,13.097884327499923,64.74984777721272
204.5413625207662,-97.63986631734305,54.48638345286431
141.2187723382225,-13.124809772323005,53.74031306528043
159.34201482461344,-26.856563659901106,66.74463399731809
202.2600348988317,17.253328301138694,51.58364403549072
115.77106296592223,-30.138094700583736,50.311585417842345
144.5166228883012,-23.329098156951233,60.75508026973229
229.85697769303997,-270.70136566032676,51.04218036460425
166.6649627722513,-49.36632495699388,66.10754614237322
162.71770362469022,-51.65622431057972,52.70954773689783
159.59605482297627,-21.350363679208066,62.466817414192285
262.74621587897445,-172.7727736716574,66.41128020885475
141.89646807681146,0.19803076395748676,57.776827642175476
303.6537183120829,-79.96124323306658,67.38314287178619
122.4602522914447,-137.16757110804386,57.32974067268212
284.27643028205716,-53.13111980887564,57.21726810624021
165.02508710075796,-21.375969928015657,57.08637261703646
142.2862856712357,17.642340537008153,50.76743103799655
220.02507427239865,-119.65451225047681,50.3456587471368
316.2445569060669,-165.27375112983185,64.49057237237946
227.28489598294158,-105.25721709445632,50.160944419955946
215.71704799071244,-70.48027203068395,73.2364580366883
105.18473873698493,17.00012291760115,63.021432898824024
174.36874042830607,-51.72284327714651,62.77847863434757
281.7084165447242,14.817372065500242,54.29088098547307
487.9554469510774,-77.2631856281564,52.874687417625
226.03297795869466,-11.304112739618141,64.21976686332188
192.31552513041217,-36.726644271237184,63.114648203404556
223.70301586724742,-48.03070067178071,58.96155829447405
296.81315910530884,-64.48710110505641,60.597241863253046
185.91065947454703,-38.49505957677832,51.58140943029308
239.2565310892396,8.965585488266079,54.068490217049046
189.59180483016866,-91.11870388425925,59.664961363491855
146.21634352596553,13.00136143214176,63.17685071847555
320.3393884454772,24.062642276772443,65.87455781387179
415.0289720378749,6.69954754703838,51.5118796552683
146.53478670363697,17.549494046651372,60.12573493086927
428.0773609607168,20.880938624051357,57.108389393255266
296.10586864905827,6.2062342189538295,50.18077208223352
149.96659743422137,23.317328756042198,53.73636257126378
363.6493091950467,20.331213587992508,51.80762887947607
124.07922995867335,8.290719412450606,61.1447794843053
169.1973805483084,18.780619976124214,52.62796370881339
122.90047965591552,26.30963628316927,53.017860945230964
141.12948843567028,21.00173899310131,51.839359803116416
145.24220806002856,4.911628708581702,68.58029220958099
449.44897740021116,13.23371636211435,55.796062869422315
219.6156531038548,26.968853413612543,58.265190019532845
205.63968311582198,42.95684702560793,51.58851137653594
343.9672275272759,33.613793537786336,60.07617818571039
123.9831308297392,29.87626426371272,66.39833544968437
199.18321036601367,21.518138693037013,66.60686009561908
174.85943949318528,15.365445300238374,53.03321675466671
185.8608424870514,13.420794260363564,64.05773423886642
125.30416181336365,15.738292519802894,57.039283132026874
298.7137332236158,14.64836765557779,71.42121549372081
235.8272080907168,5.5033004674189545,57.30070227200308
384.06298931452307,20.03743949706545,59.47327399747664
216.02854496659086,29.74062652653007,54.83423068658207
131.3555487939654,17.442856769107948,63.63205339697029
183.35864277960172,15.545375280054536,52.12176265068695
213.37924816771869,23.28170023479894,50.330864776135456
338.0843986048851,21.24292184929727,57.09066925679836
432.52324811138675,24.47178225146053,55.4035774919313
238.91230505323352,22.891600987536474,50.62021072776939
105.23623150396914,8.467873172023662,59.67887205591703
184.51512106151887,20.769336598957896,51.96828792619538
403.7054623496238,27.111157324741015,67.1040786068382
177.90318018140005,16.17485752135074,71.99771202611286
330.07216860699504,11.49313895889242,56.32730978109362
208.2356173097569,29.55987091728963,71.73196650933602
172.58721828565922,13.421520647796275,52.629611175465314
350.14617627119947,29.16630146562506,59.32855710220814
184.03733361082072,15.379125180727247,50.57169584109042
372.2899832511888,23.955966361483462,57.04145738820499
320.76205030074357,31.403545834883914,50.48741316409858
334.4242616511568,26.896935415513006,52.33600400644549
116.42836726061005,21.671950365818287,59.146449693885664
212.44144043728232,17.04324354708341,50.27747525670839
138.32151363000054,10.961421267614654,64.17890181284979
113.70156056616678,15.388458950573185,52.89920399562943
186.99918704300757,17.719449190053133,58.78047206360807
120.3385937788835,26.232296277088906,65.34464487932446
279.3829894268439,37.33835594155856,56.45088567202796
300.9151739672523,19.316190527612868,60.31571496053452
207.09538792425252,22.901712950813284,53.30559181192054
252.0819257873113,32.487107007201736,73.82018799106649
255.55037147282806,13.732034500742287,68.66795990609539
190.4522128570747,23.727352972247843,63.8880687729429
159.90660060132763,11.233518432981773,66.99515498447424
119.93238694704026,12.523347878733496,60.34047163774939
242.48922540713724,22.12771217981947,63.15390597140343
128.3535976519871,29.663384829664146,51.4497201441695
111.90171336424822,32.470139645495536,55.81823107076716
157.859267285327,33.39515299942065,65.21522208235633
176.98301520122186,29.58461763317385,50.06669665760965
180.94465754508715,20.076986172155095,60.77636239553474
248.4147313571969,38.8050712877823,55.74921080268942
261.6439824045689,15.412917701678968,66.0988158659905
225.75273573178515,18.26588513933364,50.78235424109068
184.2089426625393,23.40428007543695,56.807034017282746
128.81987694497704,8.656443637641907,58.540183469306996
108.64736922427387,18.032870923126943,52.22766781309212
214.08520675717574,25.270409948200967,53.55806096432262
533.2819226462698,14.240384283451593,63.01139543892543
289.97168255114116,32.9024561297659,62.78690351813111
127.64928964233752,29.282524198143534,63.44629402332497
155.83021323126206,26.687417186709,52.8346787578811
425.31880973131973,32.120762858024605,68.05447688781042
194.3220266490399,31.9870893375631,51.90570755090931
200.5593007750346,8.623160952003253,52.46745955205891
117.59956056188763,15.989036213320695,50.682982807401096
150.57522887503,14.004490680707256,50.195444442082426
148.8989601110004,37.605104805853244,52.7103937852074
389.16631460188745,10.594984172421755,60.50759179073733
147.9888273604615,26.32543117769349,56.32528040053438
256.57292060682266,40.130290630573285,54.196846058305454
303.8826446084335,17.87256001250752,50.44262279546136
275.3355606034878,9.399864002121243,51.851767742455365
191.1381593999883,33.61253252378072,51.85901575847198
268.9914375334706,11.289011406242048,66.54642066275967
386.8614118087638,30.766009007159845,53.99865228119032
275.5206170295761,6.587743471141261,58.999234383254354
171.82160645138737,31.469530795476693,56.4699203169531
253.61809217920126,14.13038563928997,67.51025196705471
198.28134664503432,18.96499159548005,60.87337851117786
274.9281449042321,9.445748077112954,58.15741326850862
173.836690147014,4.4738925652470165,58.08192027480824
139.7911300960066,10.398658789149707,64.52347500494369
186.97643616071912,26.670048741345997,52.03506042089855
267.06502510872593,23.404709211356106,70.5572839636878
158.6507764447487,5.30232737256374,52.580881345851964
391.55737880783295,24.999985147559705,59.41870825475989
129.79389182832108,45.37298400313652,55.6366347084938
325.23117437956455,41.24548620558957,61.85913986502211
154.65372871040756,39.30572106183715,60.99184327916456
115.01944850612581,48.5189243770953,54.96505524419306
324.87693370421766,26.170455431267076,59.808157813202456
262.75622605379124,31.269942895538797,56.99606798950273
410.24898983926795,28.033849669071543,59.007307619128476
212.40613935675321,34.49635927020708,66.42597790830575
335.26487331474607,29.627406070423483,76.82435286585215
131.51136957393277,21.570445616634004,64.85490982009844
234.8050207789254,52.49870917785497,58.17221868452034
230.88133883976673,44.60998947075524,54.65292819124216
264.7546715645744,29.069632800204122,50.012443919898566
211.16531210503257,21.081299964493958,58.15360995526076
284.44719827704216,39.23804434922334,50.652157997453905
280.4780337002393,29.891227738295697,55.19919193984535
249.49566926353336,26.66437889301787,55.387094087389315
114.04969141717372,25.17926957433734,58.29813950405111
208.87000655773923,33.85313829024854,52.569597187041595
240.67853128637046,55.30607639916737,52.29051573931535
226.04741792891025,22.712307428388694,52.597768443414516
475.19018395441384,66.6065815806815,69.17022177017319
213.4481364672829,32.66543391303956,55.864178320356416
213.2692815011346,29.79863107495783,56.80835257226069
125.11470583026198,43.13906166724918,64.75388417291722
